PED,BIC,AVS,FTC,ZCD,POP,AHI,ZHV,ALB,APP
1,1,0,2,15201,14326,27031,129000,2920,0
1,0,0,1,15201,14326,27031,129000,2920,0
1,0,2,1,15201,14326,27031,129000,2920,1
1,2,2,4,15201,14326,27031,129000,2920,0
0,1,1,3,15201,14326,27031,129000,2920,3
1,2,1,2,15201,14326,27031,129000,2920,4
1,1,1,1,15201,14326,27031,129000,2920,4
1,1,1,4,15201,14326,27031,129000,2920,3
1,0,1,2,15201,14326,27031,129000,2920,3
2,1,2,2,15201,14326,27031,129000,2920,1
1,1,2,1,15201,14326,27031,129000,2920,1
0,1,1,4,15201,14326,27031,129000,2920,4
1,1,1,3,15201,14326,27031,129000,2920,4
1,1,1,3,15201,14326,27031,129000,2920,3
0,1,2,0,15201,14326,27031,129000,2920,3
1,1,1,3,15201,14326,27031,129000,2920,4
0,1,1,3,15201,14326,27031,129000,2920,4
1,1,1,3,15201,14326,27031,129000,2920,2
1,1,1,4,15201,14326,27031,129000,2920,4
1,1,2,1,15201,14326,27031,129000,2920,4
0,1,1,3,15201,14326,27031,129000,2920,4
1,0,1,4,15201,14326,27031,129000,2920,4
1,0,1,2,15201,14326,27031,129000,2920,3
1,1,1,4,15201,14326,27031,129000,2920,4
0,1,1,1,15201,14326,27031,129000,2920,4
1,1,1,4,15201,14326,27031,129000,2920,4
1,1,1,4,15201,14326,27031,129000,2920,4
1,1,1,4,15201,14326,27031,129000,2920,4
1,0,1,3,15201,14326,27031,129000,2920,2
1,1,1,2,15201,14326,27031,129000,2920,4
1,1,2,3,15201,14326,27031,129000,2920,1
1,1,1,1,15201,14326,27031,129000,2920,3
1,0,2,1,15201,14326,27031,129000,2920,2
0,0,2,3,15201,14326,27031,129000,2920,1
1,2,1,3,15201,14326,27031,129000,2920,4
0,1,1,3,15201,14326,27031,129000,2920,3
0,0,0,2,15201,14326,27031,129000,2920,0
2,2,1,2,15201,14326,27031,129000,2920,4
0,1,2,2,15201,14326,27031,129000,2920,1
1,1,1,3,15201,14326,27031,129000,2920,4
0,0,1,4,15201,14326,27031,129000,2920,4
0,0,1,3,15201,14326,27031,129000,2920,3
0,0,1,3,15201,14326,27031,129000,2920,3
1,1,1,2,15201,14326,27031,129000,2920,4
0,0,1,4,15201,14326,27031,129000,2920,0
0,0,1,3,15201,14326,27031,129000,2920,4
0,0,0,0,15201,14326,27031,129000,2920,1
1,2,1,1,15201,14326,27031,129000,2920,2
1,1,1,2,15201,14326,27031,129000,2920,4
1,1,2,2,15201,14326,27031,129000,2920,1
0,1,1,3,15201,14326,27031,129000,2920,3
1,0,1,4,15201,14326,27031,129000,2920,4
1,1,1,2,15201,14326,27031,129000,2920,4
1,1,0,0,15201,14326,27031,129000,2920,0
0,2,1,2,15201,14326,27031,129000,2920,4
1,0,1,2,15201,14326,27031,129000,2920,4
1,0,1,2,15201,14326,27031,129000,2920,4
1,1,1,2,15201,14326,27031,129000,2920,3
1,1,1,2,15201,14326,27031,129000,2920,3
1,2,1,1,15201,14326,27031,129000,2920,3
1,0,1,2,15201,14326,27031,129000,2920,4
1,1,2,2,15201,14326,27031,129000,2920,4
0,2,1,2,15201,14326,27031,129000,2920,4
0,0,0,1,15201,14326,27031,129000,2920,0
0,0,1,2,15201,14326,27031,129000,2920,3
1,0,1,1,15201,14326,27031,129000,2920,4
2,0,1,2,15201,14326,27031,129000,2920,4
1,1,1,3,15201,14326,27031,129000,2920,3
0,0,1,3,15201,14326,27031,129000,2920,4
0,1,2,1,15202,21022,34727,132700,4666,3
1,0,1,1,15202,21022,34727,132700,4666,4
0,1,2,2,15202,21022,34727,132700,4666,2
1,1,1,2,15202,21022,34727,132700,4666,4
1,1,1,2,15202,21022,34727,132700,4666,4
0,2,1,0,15202,21022,34727,132700,4666,4
0,1,2,1,15202,21022,34727,132700,4666,1
0,0,0,1,15202,21022,34727,132700,4666,0
0,0,1,2,15202,21022,34727,132700,4666,4
0,0,2,1,15202,21022,34727,132700,4666,4
1,1,1,2,15202,21022,34727,132700,4666,4
0,1,1,2,15202,21022,34727,132700,4666,4
0,1,1,3,15202,21022,34727,132700,4666,4
0,1,1,4,15202,21022,34727,132700,4666,4
1,1,1,3,15202,21022,34727,132700,4666,4
0,0,1,2,15202,21022,34727,132700,4666,4
0,1,1,1,15203,9613,27595,168600,1761,4
2,2,2,3,15203,9613,27595,168600,1761,4
1,1,1,4,15203,9613,27595,168600,1761,4
1,1,2,2,15203,9613,27595,168600,1761,2
1,1,1,2,15203,9613,27595,168600,1761,4
1,1,1,2,15203,9613,27595,168600,1761,2
0,1,1,2,15203,9613,27595,168600,1761,4
1,1,2,1,15203,9613,27595,168600,1761,0
0,1,1,2,15203,9613,27595,168600,1761,4
1,2,1,2,15203,9613,27595,168600,1761,4
0,1,2,2,15203,9613,27595,168600,1761,1
0,1,1,2,15203,9613,27595,168600,1761,4
0,1,1,2,15203,9613,27595,168600,1761,4
0,1,2,2,15203,9613,27595,168600,1761,4
1,1,0,3,15203,9613,27595,168600,1761,4
1,0,2,2,15203,9613,27595,168600,1761,1
2,2,1,1,15203,9613,27595,168600,1761,3
0,1,1,2,15203,9613,27595,168600,1761,4
1,1,1,3,15203,9613,27595,168600,1761,4
0,1,1,2,15203,9613,27595,168600,1761,4
0,0,1,2,15203,9613,27595,168600,1761,0
0,0,1,1,15203,9613,27595,168600,1761,3
0,0,2,0,15203,9613,27595,168600,1761,0
0,0,1,4,15203,9613,27595,168600,1761,4
0,0,2,2,15203,9613,27595,168600,1761,4
0,1,1,2,15203,9613,27595,168600,1761,4
0,0,2,0,15203,9613,27595,168600,1761,2
0,1,1,2,15203,9613,27595,168600,1761,4
0,0,1,2,15203,9613,27595,168600,1761,4
0,0,2,1,15203,9613,27595,168600,1761,1
0,0,2,3,15203,9613,27595,168600,1761,4
0,1,1,2,15203,9613,27595,168600,1761,3
0,0,1,1,15203,9613,27595,168600,1761,4
0,0,1,2,15203,9613,27595,168600,1761,4
0,0,1,3,15203,9613,27595,168600,1761,4
2,0,1,1,15203,9613,27595,168600,1761,4
0,0,0,2,15204,9502,32859,72700,1899,0
2,1,2,3,15204,9502,32859,72700,1899,3
0,1,2,2,15204,9502,32859,72700,1899,4
2,2,1,2,15204,9502,32859,72700,1899,3
0,0,2,2,15204,9502,32859,72700,1899,2
0,0,1,2,15204,9502,32859,72700,1899,4
1,1,1,3,15205,22586,38507,128700,5531,3
0,1,1,2,15205,22586,38507,128700,5531,3
1,1,1,3,15205,22586,38507,128700,5531,3
0,1,2,2,15205,22586,38507,128700,5531,4
0,0,1,2,15205,22586,38507,128700,5531,1
0,0,2,2,15205,22586,38507,128700,5531,2
1,1,1,2,15205,22586,38507,128700,5531,3
0,0,2,2,15205,22586,38507,128700,5531,4
0,0,1,2,15206,32482,28517,165800,6623,4
1,0,1,2,15206,32482,28517,165800,6623,4
0,1,2,1,15206,32482,28517,165800,6623,2
0,0,1,3,15206,32482,28517,165800,6623,2
0,1,1,2,15206,32482,28517,165800,6623,4
1,1,2,1,15206,32482,28517,165800,6623,1
0,1,2,2,15206,32482,28517,165800,6623,2
1,0,1,3,15206,32482,28517,165800,6623,2
1,0,2,1,15206,32482,28517,165800,6623,2
1,1,2,2,15206,32482,28517,165800,6623,0
1,1,0,2,15206,32482,28517,165800,6623,0
1,0,1,2,15206,32482,28517,165800,6623,4
2,1,2,2,15206,32482,28517,165800,6623,1
1,1,1,1,15206,32482,28517,165800,6623,4
1,1,1,2,15206,32482,28517,165800,6623,3
1,1,1,3,15206,32482,28517,165800,6623,3
1,1,2,3,15206,32482,28517,165800,6623,4
1,1,1,2,15206,32482,28517,165800,6623,4
0,1,1,2,15206,32482,28517,165800,6623,3
1,1,2,1,15206,32482,28517,165800,6623,1
1,2,1,0,15206,32482,28517,165800,6623,4
1,1,1,1,15206,32482,28517,165800,6623,4
0,1,1,2,15206,32482,28517,165800,6623,4
1,0,1,1,15206,32482,28517,165800,6623,1
1,1,1,3,15206,32482,28517,165800,6623,4
0,0,1,1,15206,32482,28517,165800,6623,2
1,1,1,1,15206,32482,28517,165800,6623,4
1,1,1,3,15206,32482,28517,165800,6623,4
0,1,1,3,15206,32482,28517,165800,6623,4
0,1,2,2,15206,32482,28517,165800,6623,4
0,1,1,3,15206,32482,28517,165800,6623,4
1,1,0,3,15206,32482,28517,165800,6623,0
1,1,1,3,15206,32482,28517,165800,6623,3
0,1,2,2,15206,32482,28517,165800,6623,3
1,1,1,3,15206,32482,28517,165800,6623,4
1,1,1,3,15206,32482,28517,165800,6623,4
0,1,1,0,15206,32482,28517,165800,6623,4
0,1,2,2,15206,32482,28517,165800,6623,1
0,1,1,1,15206,32482,28517,165800,6623,4
0,1,1,4,15206,32482,28517,165800,6623,4
1,1,1,2,15206,32482,28517,165800,6623,4
1,0,2,0,15206,32482,28517,165800,6623,2
0,0,1,1,15206,32482,28517,165800,6623,2
0,0,2,2,15206,32482,28517,165800,6623,3
2,2,2,1,15206,32482,28517,165800,6623,3
0,0,1,3,15206,32482,28517,165800,6623,4
0,0,1,3,15206,32482,28517,165800,6623,4
0,2,1,1,15206,32482,28517,165800,6623,2
0,0,1,1,15206,32482,28517,165800,6623,2
1,1,2,2,15206,32482,28517,165800,6623,2
0,0,2,1,15206,32482,28517,165800,6623,1
0,0,1,3,15206,32482,28517,165800,6623,3
0,1,1,2,15206,32482,28517,165800,6623,2
0,0,1,3,15206,32482,28517,165800,6623,4
0,1,1,2,15206,32482,28517,165800,6623,4
0,0,2,2,15206,32482,28517,165800,6623,3
0,1,1,0,15206,32482,28517,165800,6623,3
0,0,1,4,15206,32482,28517,165800,6623,4
0,0,0,4,15206,32482,28517,165800,6623,0
0,0,2,2,15206,32482,28517,165800,6623,3
2,2,1,1,15206,32482,28517,165800,6623,3
0,0,2,0,15206,32482,28517,165800,6623,3
0,1,2,2,15206,32482,28517,165800,6623,0
0,0,1,1,15206,32482,28517,165800,6623,4
1,0,1,1,15206,32482,28517,165800,6623,0
1,1,1,2,15206,32482,28517,165800,6623,3
1,1,1,3,15206,32482,28517,165800,6623,4
1,0,1,2,15206,32482,28517,165800,6623,1
1,1,1,2,15206,32482,28517,165800,6623,3
0,1,1,4,15206,32482,28517,165800,6623,3
1,0,1,2,15206,32482,28517,165800,6623,2
1,1,1,3,15206,32482,28517,165800,6623,3
1,1,1,2,15206,32482,28517,165800,6623,4
1,0,1,2,15206,32482,28517,165800,6623,4
1,1,1,1,15206,32482,28517,165800,6623,3
1,0,2,1,15206,32482,28517,165800,6623,4
1,0,1,3,15206,32482,28517,165800,6623,4
1,0,1,1,15206,32482,28517,165800,6623,3
0,1,1,4,15206,32482,28517,165800,6623,4
1,1,2,1,15206,32482,28517,165800,6623,2
1,1,1,0,15206,32482,28517,165800,6623,2
2,1,1,3,15206,32482,28517,165800,6623,4
1,0,2,1,15206,32482,28517,165800,6623,4
1,1,1,4,15206,32482,28517,165800,6623,3
0,0,2,3,15206,32482,28517,165800,6623,4
0,0,2,1,15206,32482,28517,165800,6623,4
1,0,0,2,15206,32482,28517,165800,6623,1
1,0,1,4,15206,32482,28517,165800,6623,4
0,0,2,0,15206,32482,28517,165800,6623,2
2,2,2,0,15206,32482,28517,165800,6623,1
0,0,1,1,15206,32482,28517,165800,6623,3
0,0,2,2,15206,32482,28517,165800,6623,1
0,0,2,2,15206,32482,28517,165800,6623,3
2,1,1,2,15206,32482,28517,165800,6623,4
2,0,1,2,15206,32482,28517,165800,6623,4
2,2,2,2,15206,32482,28517,165800,6623,2
2,0,1,3,15206,32482,28517,165800,6623,4
1,1,1,3,15206,32482,28517,165800,6623,3
1,1,1,3,15206,32482,28517,165800,6623,4
2,2,0,1,15206,32482,28517,165800,6623,1
2,0,1,2,15206,32482,28517,165800,6623,3
0,0,1,1,15206,32482,28517,165800,6623,2
1,1,0,3,15207,13203,28156,83700,2946,0
1,1,1,4,15207,13203,28156,83700,2946,4
0,1,1,3,15207,13203,28156,83700,2946,3
0,1,1,2,15207,13203,28156,83700,2946,4
1,1,1,1,15207,13203,28156,83700,2946,4
1,1,1,3,15207,13203,28156,83700,2946,4
0,1,2,2,15207,13203,28156,83700,2946,1
1,0,1,3,15207,13203,28156,83700,2946,4
1,0,1,1,15207,13203,28156,83700,2946,3
0,1,1,2,15207,13203,28156,83700,2946,4
0,0,1,2,15207,13203,28156,83700,2946,4
0,0,2,0,15207,13203,28156,83700,2946,1
2,2,1,1,15207,13203,28156,83700,2946,4
1,0,1,2,15207,13203,28156,83700,2946,4
0,0,1,2,15207,13203,28156,83700,2946,4
0,0,2,0,15207,13203,28156,83700,2946,2
0,0,2,2,15207,13203,28156,83700,2946,0
0,0,1,2,15207,13203,28156,83700,2946,2
1,1,1,3,15208,13352,24178,399000,2635,4
0,1,1,3,15208,13352,24178,399000,2635,2
1,2,1,2,15208,13352,24178,399000,2635,4
1,1,1,3,15208,13352,24178,399000,2635,4
1,1,0,1,15208,13352,24178,399000,2635,1
1,1,1,4,15208,13352,24178,399000,2635,4
1,1,1,3,15208,13352,24178,399000,2635,4
2,1,1,1,15208,13352,24178,399000,2635,3
1,1,1,1,15208,13352,24178,399000,2635,4
2,2,1,4,15208,13352,24178,399000,2635,2
0,1,1,3,15208,13352,24178,399000,2635,4
1,1,1,2,15208,13352,24178,399000,2635,2
1,1,1,3,15208,13352,24178,399000,2635,4
1,1,1,3,15208,13352,24178,399000,2635,4
2,2,1,4,15208,13352,24178,399000,2635,4
0,0,1,1,15208,13352,24178,399000,2635,4
0,0,2,1,15208,13352,24178,399000,2635,1
0,1,1,2,15208,13352,24178,399000,2635,3
0,0,2,2,15208,13352,24178,399000,2635,4
0,0,1,3,15208,13352,24178,399000,2635,1
1,1,1,4,15208,13352,24178,399000,2635,4
0,1,2,2,15208,13352,24178,399000,2635,1
1,0,1,1,15208,13352,24178,399000,2635,2
0,1,1,2,15208,13352,24178,399000,2635,2
1,0,1,3,15208,13352,24178,399000,2635,4
1,0,2,0,15208,13352,24178,399000,2635,3
1,1,1,2,15208,13352,24178,399000,2635,4
0,2,1,1,15208,13352,24178,399000,2635,4
0,1,0,0,15209,12891,38292,149700,3718,0
1,1,1,2,15209,12891,38292,149700,3718,3
0,1,1,3,15209,12891,38292,149700,3718,4
0,0,1,2,15209,12891,38292,149700,3718,4
0,1,2,2,15209,12891,38292,149700,3718,2
2,0,1,1,15209,12891,38292,149700,3718,3
1,1,2,2,15209,12891,38292,149700,3718,1
0,0,1,2,15209,12891,38292,149700,3718,4
0,0,1,4,15209,12891,38292,149700,3718,4
1,1,2,2,15209,12891,38292,149700,3718,0
1,0,1,4,15209,12891,38292,149700,3718,4
2,2,2,1,15209,12891,38292,149700,3718,1
0,0,2,0,15209,12891,38292,149700,3718,3
1,1,1,2,15210,31216,27041,60400,5499,3
1,1,1,1,15210,31216,27041,60400,5499,3
0,1,2,2,15210,31216,27041,60400,5499,3
0,0,1,2,15210,31216,27041,60400,5499,4
1,1,0,2,15210,31216,27041,60400,5499,2
0,0,0,2,15210,31216,27041,60400,5499,2
0,0,1,1,15210,31216,27041,60400,5499,4
1,0,2,2,15211,12477,34067,110700,2770,4
0,1,0,2,15211,12477,34067,110700,2770,0
2,1,1,3,15211,12477,34067,110700,2770,4
0,1,1,2,15211,12477,34067,110700,2770,4
0,1,1,1,15211,12477,34067,110700,2770,4
1,0,1,2,15211,12477,34067,110700,2770,0
1,1,2,2,15211,12477,34067,110700,2770,3
0,0,1,2,15211,12477,34067,110700,2770,4
0,0,2,0,15211,12477,34067,110700,2770,2
0,0,2,2,15211,12477,34067,110700,2770,2
0,0,1,2,15211,12477,34067,110700,2770,3
0,0,2,1,15211,12477,34067,110700,2770,2
0,2,1,2,15211,12477,34067,110700,2770,2
0,0,1,1,15211,12477,34067,110700,2770,3
0,1,2,2,15211,12477,34067,110700,2770,3
1,0,2,3,15211,12477,34067,110700,2770,4
1,0,1,3,15211,12477,34067,110700,2770,4
0,0,1,1,15211,12477,34067,110700,2770,4
0,0,1,2,15211,12477,34067,110700,2770,4
0,0,1,2,15211,12477,34067,110700,2770,4
0,1,2,0,15212,31850,26712,87500,6275,3
2,1,1,3,15212,31850,26712,87500,6275,4
1,1,1,3,15212,31850,26712,87500,6275,1
1,0,1,3,15212,31850,26712,87500,6275,2
2,0,2,1,15212,31850,26712,87500,6275,3
1,0,1,4,15212,31850,26712,87500,6275,4
1,0,0,2,15212,31850,26712,87500,6275,0
0,1,1,1,15212,31850,26712,87500,6275,4
0,1,2,3,15212,31850,26712,87500,6275,2
1,1,1,4,15212,31850,26712,87500,6275,4
1,1,2,2,15212,31850,26712,87500,6275,4
1,1,2,3,15212,31850,26712,87500,6275,4
2,2,2,1,15212,31850,26712,87500,6275,2
1,1,1,2,15212,31850,26712,87500,6275,4
1,1,1,1,15212,31850,26712,87500,6275,4
1,2,1,2,15212,31850,26712,87500,6275,3
1,1,1,2,15212,31850,26712,87500,6275,4
1,0,1,3,15212,31850,26712,87500,6275,4
0,1,1,2,15212,31850,26712,87500,6275,4
1,1,1,2,15212,31850,26712,87500,6275,4
1,0,1,1,15212,31850,26712,87500,6275,4
1,0,0,1,15212,31850,26712,87500,6275,0
1,1,0,0,15212,31850,26712,87500,6275,1
0,1,2,1,15212,31850,26712,87500,6275,3
2,1,1,4,15212,31850,26712,87500,6275,4
1,1,2,2,15212,31850,26712,87500,6275,2
1,1,1,1,15212,31850,26712,87500,6275,4
1,0,1,1,15212,31850,26712,87500,6275,4
1,1,1,2,15212,31850,26712,87500,6275,4
1,1,1,2,15212,31850,26712,87500,6275,4
2,2,1,2,15212,31850,26712,87500,6275,4
1,0,1,2,15212,31850,26712,87500,6275,3
0,1,2,1,15212,31850,26712,87500,6275,3
2,2,1,2,15212,31850,26712,87500,6275,4
0,0,0,1,15212,31850,26712,87500,6275,1
0,0,1,1,15212,31850,26712,87500,6275,2
0,0,2,2,15212,31850,26712,87500,6275,0
0,0,2,2,15212,31850,26712,87500,6275,4
2,2,1,1,15212,31850,26712,87500,6275,4
0,0,1,0,15212,31850,26712,87500,6275,3
0,1,1,2,15212,31850,26712,87500,6275,4
0,0,1,1,15212,31850,26712,87500,6275,1
0,0,1,3,15212,31850,26712,87500,6275,4
0,0,2,1,15212,31850,26712,87500,6275,2
0,0,0,1,15212,31850,26712,87500,6275,0
0,0,2,2,15212,31850,26712,87500,6275,3
0,0,2,1,15212,31850,26712,87500,6275,1
2,2,2,2,15212,31850,26712,87500,6275,4
0,2,2,0,15212,31850,26712,87500,6275,2
0,0,1,2,15212,31850,26712,87500,6275,4
1,1,2,2,15212,31850,26712,87500,6275,2
1,1,1,3,15212,31850,26712,87500,6275,4
1,1,1,3,15212,31850,26712,87500,6275,3
0,1,1,2,15212,31850,26712,87500,6275,3
1,1,1,1,15212,31850,26712,87500,6275,2
1,1,1,3,15212,31850,26712,87500,6275,4
0,1,1,1,15212,31850,26712,87500,6275,3
0,1,1,2,15212,31850,26712,87500,6275,3
1,1,1,2,15212,31850,26712,87500,6275,4
0,1,2,3,15212,31850,26712,87500,6275,3
0,1,1,2,15212,31850,26712,87500,6275,3
1,1,2,3,15212,31850,26712,87500,6275,4
1,1,1,2,15212,31850,26712,87500,6275,1
0,1,1,4,15212,31850,26712,87500,6275,4
1,1,1,2,15212,31850,26712,87500,6275,4
1,1,1,4,15212,31850,26712,87500,6275,4
0,0,1,1,15212,31850,26712,87500,6275,2
2,0,1,1,15212,31850,26712,87500,6275,1
0,0,1,3,15212,31850,26712,87500,6275,3
0,0,2,1,15212,31850,26712,87500,6275,3
1,0,2,1,15213,28320,18473,168900,3570,0
1,1,2,3,15213,28320,18473,168900,3570,1
1,1,1,3,15213,28320,18473,168900,3570,4
1,1,2,2,15213,28320,18473,168900,3570,1
1,2,1,2,15213,28320,18473,168900,3570,3
1,1,1,3,15213,28320,18473,168900,3570,2
1,1,1,4,15213,28320,18473,168900,3570,4
0,1,2,2,15213,28320,18473,168900,3570,2
1,1,2,1,15213,28320,18473,168900,3570,3
1,1,1,3,15213,28320,18473,168900,3570,3
2,1,1,3,15213,28320,18473,168900,3570,4
0,2,1,4,15213,28320,18473,168900,3570,4
2,1,1,1,15213,28320,18473,168900,3570,4
0,1,1,2,15213,28320,18473,168900,3570,3
1,1,2,2,15213,28320,18473,168900,3570,2
0,1,1,3,15213,28320,18473,168900,3570,4
0,0,1,0,15213,28320,18473,168900,3570,3
0,0,1,3,15213,28320,18473,168900,3570,4
0,0,1,3,15213,28320,18473,168900,3570,3
0,0,1,3,15213,28320,18473,168900,3570,4
0,0,0,3,15213,28320,18473,168900,3570,0
0,0,1,0,15213,28320,18473,168900,3570,4
0,1,1,2,15213,28320,18473,168900,3570,4
0,0,1,2,15213,28320,18473,168900,3570,4
1,1,1,1,15213,28320,18473,168900,3570,1
0,1,1,1,15213,28320,18473,168900,3570,1
1,1,1,3,15213,28320,18473,168900,3570,4
1,2,2,2,15213,28320,18473,168900,3570,4
1,1,1,4,15213,28320,18473,168900,3570,4
2,1,1,3,15213,28320,18473,168900,3570,3
1,1,2,1,15213,28320,18473,168900,3570,3
1,2,2,2,15213,28320,18473,168900,3570,4
2,1,1,3,15213,28320,18473,168900,3570,4
1,1,1,4,15214,17519,30725,109100,3274,4
1,1,1,2,15214,17519,30725,109100,3274,4
0,0,1,3,15214,17519,30725,109100,3274,4
0,0,1,1,15214,17519,30725,109100,3274,2
1,1,2,2,15214,17519,30725,109100,3274,4
0,0,2,1,15214,17519,30725,109100,3274,4
1,0,2,2,15215,13212,43750,217500,3570,0
0,1,1,4,15215,13212,43750,217500,3570,4
1,1,1,4,15215,13212,43750,217500,3570,4
0,1,2,2,15215,13212,43750,217500,3570,3
0,2,1,2,15215,13212,43750,217500,3570,4
0,0,1,2,15215,13212,43750,217500,3570,4
0,0,1,2,15215,13212,43750,217500,3570,4
0,0,1,1,15215,13212,43750,217500,3570,3
0,0,2,0,15215,13212,43750,217500,3570,2
1,0,1,4,15215,13212,43750,217500,3570,4
2,1,1,2,15215,13212,43750,217500,3570,4
0,0,2,2,15215,13212,43750,217500,3570,1
0,0,1,1,15215,13212,43750,217500,3570,2
1,0,1,2,15216,24691,39526,127500,5394,4
1,0,1,1,15216,24691,39526,127500,5394,2
0,1,1,2,15216,24691,39526,127500,5394,4
1,0,1,1,15216,24691,39526,127500,5394,2
0,0,1,2,15216,24691,39526,127500,5394,4
1,1,1,4,15216,24691,39526,127500,5394,4
2,1,1,2,15216,24691,39526,127500,5394,3
0,0,1,3,15216,24691,39526,127500,5394,2
0,0,2,1,15216,24691,39526,127500,5394,3
1,0,1,3,15216,24691,39526,127500,5394,4
0,0,2,1,15216,24691,39526,127500,5394,2
2,2,1,2,15216,24691,39526,127500,5394,2
2,1,1,0,15216,24691,39526,127500,5394,4
1,0,1,1,15216,24691,39526,127500,5394,4
0,1,2,3,15216,24691,39526,127500,5394,4
0,1,1,1,15216,24691,39526,127500,5394,3
0,0,1,2,15216,24691,39526,127500,5394,4
0,0,2,1,15216,24691,39526,127500,5394,4
0,1,0,2,15217,26425,45173,309200,6643,0
1,0,2,2,15217,26425,45173,309200,6643,2
1,1,2,2,15217,26425,45173,309200,6643,1
1,0,2,2,15217,26425,45173,309200,6643,4
1,1,1,1,15217,26425,45173,309200,6643,4
0,1,2,2,15217,26425,45173,309200,6643,3
2,1,2,1,15217,26425,45173,309200,6643,4
0,1,1,2,15217,26425,45173,309200,6643,4
1,0,1,3,15217,26425,45173,309200,6643,4
2,1,1,2,15217,26425,45173,309200,6643,2
1,0,1,3,15217,26425,45173,309200,6643,4
1,1,2,1,15217,26425,45173,309200,6643,0
1,0,1,2,15217,26425,45173,309200,6643,3
0,1,1,1,15217,26425,45173,309200,6643,4
0,1,1,2,15217,26425,45173,309200,6643,4
0,1,2,2,15217,26425,45173,309200,6643,4
1,2,2,0,15217,26425,45173,309200,6643,4
1,0,2,4,15217,26425,45173,309200,6643,2
0,1,1,4,15217,26425,45173,309200,6643,4
1,1,1,4,15217,26425,45173,309200,6643,4
0,1,1,2,15217,26425,45173,309200,6643,4
1,1,1,2,15217,26425,45173,309200,6643,4
1,2,1,1,15217,26425,45173,309200,6643,4
0,1,1,2,15217,26425,45173,309200,6643,4
1,2,1,3,15217,26425,45173,309200,6643,4
1,1,2,3,15217,26425,45173,309200,6643,4
0,1,1,3,15217,26425,45173,309200,6643,2
0,1,0,1,15217,26425,45173,309200,6643,0
2,1,1,2,15217,26425,45173,309200,6643,3
0,1,1,1,15217,26425,45173,309200,6643,4
1,0,2,2,15217,26425,45173,309200,6643,2
1,0,1,2,15217,26425,45173,309200,6643,3
2,1,2,3,15217,26425,45173,309200,6643,3
1,1,1,1,15217,26425,45173,309200,6643,4
1,1,1,4,15217,26425,45173,309200,6643,4
2,2,0,2,15217,26425,45173,309200,6643,4
0,2,1,2,15217,26425,45173,309200,6643,4
0,2,1,2,15217,26425,45173,309200,6643,4
0,0,1,2,15217,26425,45173,309200,6643,3
0,0,1,3,15217,26425,45173,309200,6643,4
0,0,1,1,15217,26425,45173,309200,6643,4
0,0,1,2,15217,26425,45173,309200,6643,4
2,0,1,0,15217,26425,45173,309200,6643,3
0,1,1,2,15217,26425,45173,309200,6643,4
0,0,1,4,15217,26425,45173,309200,6643,4
0,0,1,3,15217,26425,45173,309200,6643,4
0,0,1,2,15217,26425,45173,309200,6643,4
0,0,1,4,15217,26425,45173,309200,6643,4
2,2,2,2,15217,26425,45173,309200,6643,4
0,1,1,2,15217,26425,45173,309200,6643,3
0,2,1,2,15217,26425,45173,309200,6643,4
0,0,1,3,15217,26425,45173,309200,6643,4
0,0,1,2,15217,26425,45173,309200,6643,3
0,1,2,2,15217,26425,45173,309200,6643,1
1,0,1,3,15217,26425,45173,309200,6643,4
2,2,1,4,15217,26425,45173,309200,6643,4
1,1,1,4,15217,26425,45173,309200,6643,4
0,2,1,3,15217,26425,45173,309200,6643,4
1,2,1,3,15217,26425,45173,309200,6643,4
0,0,1,2,15217,26425,45173,309200,6643,4
0,0,1,3,15217,26425,45173,309200,6643,4
0,0,2,3,15217,26425,45173,309200,6643,2
0,1,2,3,15217,26425,45173,309200,6643,0
0,0,1,2,15217,26425,45173,309200,6643,4
0,0,1,2,15217,26425,45173,309200,6643,4
2,2,2,0,15217,26425,45173,309200,6643,2
0,0,1,2,15217,26425,45173,309200,6643,4
2,2,2,1,15217,26425,45173,309200,6643,1
0,0,2,1,15217,26425,45173,309200,6643,3
1,1,1,3,15217,26425,45173,309200,6643,4
0,1,1,2,15217,26425,45173,309200,6643,4
1,1,1,2,15217,26425,45173,309200,6643,4
1,1,2,2,15217,26425,45173,309200,6643,1
1,1,1,2,15217,26425,45173,309200,6643,3
1,1,1,1,15217,26425,45173,309200,6643,4
1,1,1,4,15217,26425,45173,309200,6643,4
1,1,1,2,15217,26425,45173,309200,6643,3
1,1,1,4,15217,26425,45173,309200,6643,4
0,0,1,2,15217,26425,45173,309200,6643,4
1,1,1,3,15217,26425,45173,309200,6643,4
1,1,1,2,15217,26425,45173,309200,6643,4
2,1,1,2,15217,26425,45173,309200,6643,3
0,1,1,2,15217,26425,45173,309200,6643,2
1,1,2,2,15217,26425,45173,309200,6643,2
1,1,1,2,15217,26425,45173,309200,6643,4
0,1,1,2,15217,26425,45173,309200,6643,3
1,0,1,2,15217,26425,45173,309200,6643,4
1,0,2,3,15217,26425,45173,309200,6643,4
1,1,1,2,15217,26425,45173,309200,6643,4
1,1,1,1,15217,26425,45173,309200,6643,4
1,1,1,2,15217,26425,45173,309200,6643,4
1,1,1,4,15217,26425,45173,309200,6643,4
1,1,1,2,15217,26425,45173,309200,6643,2
1,0,1,4,15217,26425,45173,309200,6643,4
1,1,1,1,15217,26425,45173,309200,6643,4
1,0,1,1,15217,26425,45173,309200,6643,4
1,1,1,3,15217,26425,45173,309200,6643,4
0,0,1,3,15217,26425,45173,309200,6643,4
0,0,1,4,15217,26425,45173,309200,6643,3
0,0,1,2,15217,26425,45173,309200,6643,4
0,0,0,1,15217,26425,45173,309200,6643,2
0,0,1,3,15217,26425,45173,309200,6643,4
0,0,1,2,15217,26425,45173,309200,6643,4
0,0,1,4,15217,26425,45173,309200,6643,4
0,0,1,4,15217,26425,45173,309200,6643,3
0,0,1,4,15217,26425,45173,309200,6643,4
0,0,2,1,15217,26425,45173,309200,6643,1
1,0,1,2,15217,26425,45173,309200,6643,3
2,2,1,2,15217,26425,45173,309200,6643,3
0,0,1,3,15217,26425,45173,309200,6643,1
0,0,2,1,15217,26425,45173,309200,6643,4
1,0,1,2,15217,26425,45173,309200,6643,4
0,0,1,2,15217,26425,45173,309200,6643,4
0,0,1,2,15217,26425,45173,309200,6643,4
0,0,1,3,15217,26425,45173,309200,6643,3
0,0,1,3,15217,26425,45173,309200,6643,3
0,0,1,2,15217,26425,45173,309200,6643,4
0,0,2,1,15217,26425,45173,309200,6643,1
0,0,1,4,15217,26425,45173,309200,6643,4
0,0,1,3,15217,26425,45173,309200,6643,4
0,0,1,1,15217,26425,45173,309200,6643,3
0,1,1,4,15217,26425,45173,309200,6643,3
1,1,1,1,15218,14956,35983,125700,0,3
1,1,1,2,15218,14956,35983,125700,0,4
0,1,2,1,15218,14956,35983,125700,0,0
2,2,2,2,15218,14956,35983,125700,0,2
1,1,1,2,15218,14956,35983,125700,0,4
1,2,2,1,15218,14956,35983,125700,0,3
0,1,0,2,15218,14956,35983,125700,0,2
1,1,1,1,15218,14956,35983,125700,0,4
0,0,2,2,15218,14956,35983,125700,0,2
2,1,1,2,15218,14956,35983,125700,0,4
0,0,0,1,15218,14956,35983,125700,0,1
0,1,1,3,15218,14956,35983,125700,0,3
0,1,0,3,15218,14956,35983,125700,0,4
0,0,0,2,15218,14956,35983,125700,0,0
2,1,2,1,15218,14956,35983,125700,0,3
0,0,2,2,15218,14956,35983,125700,0,3
0,0,1,2,15218,14956,35983,125700,0,3
0,0,1,2,15218,14956,35983,125700,0,3
0,1,2,1,15218,14956,35983,125700,0,2
0,0,2,2,15218,14956,35983,125700,0,0
0,1,1,2,15218,14956,35983,125700,0,3
0,0,2,2,15218,14956,35983,125700,0,3
0,0,1,1,15218,14956,35983,125700,0,4
1,0,1,2,15218,14956,35983,125700,0,4
0,1,1,2,15218,14956,35983,125700,0,3
0,1,1,2,15218,14956,35983,125700,0,4
0,1,1,1,15218,14956,35983,125700,0,3
0,2,1,1,15218,14956,35983,125700,0,3
1,1,1,2,15218,14956,35983,125700,0,4
1,0,1,2,15218,14956,35983,125700,0,3
1,0,2,4,15218,14956,35983,125700,0,3
1,1,1,2,15218,14956,35983,125700,0,1
0,0,1,0,15218,14956,35983,125700,0,4
0,0,1,3,15218,14956,35983,125700,0,4
2,2,1,4,15218,14956,35983,125700,0,2
0,0,1,1,15218,14956,35983,125700,0,4
0,0,1,1,15218,14956,35983,125700,0,4
0,0,1,2,15218,14956,35983,125700,0,4
2,2,1,2,15218,14956,35983,125700,0,3
0,0,2,2,15218,14956,35983,125700,0,3
0,0,1,1,15219,19204,14399,106000,2641,4
1,1,2,1,15219,19204,14399,106000,2641,1
1,1,2,2,15219,19204,14399,106000,2641,4
1,2,2,2,15219,19204,14399,106000,2641,1
1,1,2,2,15219,19204,14399,106000,2641,1
0,1,1,4,15219,19204,14399,106000,2641,4
0,1,1,2,15219,19204,14399,106000,2641,4
1,1,1,3,15219,19204,14399,106000,2641,4
0,1,1,3,15219,19204,14399,106000,2641,4
2,0,2,1,15219,19204,14399,106000,2641,1
1,0,1,3,15219,19204,14399,106000,2641,1
0,0,2,0,15219,19204,14399,106000,2641,2
1,1,1,1,15219,19204,14399,106000,2641,4
1,0,1,2,15219,19204,14399,106000,2641,4
1,1,0,1,15219,19204,14399,106000,2641,0
1,0,1,2,15219,19204,14399,106000,2641,0
0,0,2,2,15219,19204,14399,106000,2641,0
0,1,1,3,15219,19204,14399,106000,2641,4
1,1,1,3,15219,19204,14399,106000,2641,4
1,1,1,2,15219,19204,14399,106000,2641,4
2,2,1,1,15219,19204,14399,106000,2641,2
0,1,1,2,15220,19693,44018,149000,5018,4
1,1,1,1,15220,19693,44018,149000,5018,4
0,0,2,3,15220,19693,44018,149000,5018,1
0,0,1,2,15220,19693,44018,149000,5018,4
0,0,2,0,15220,19693,44018,149000,5018,2
2,2,1,3,15220,19693,44018,149000,5018,4
0,0,1,2,15220,19693,44018,149000,5018,4
0,0,2,2,15220,19693,44018,149000,5018,3
0,1,1,1,15221,36387,30668,86700,8852,1
1,0,1,2,15221,36387,30668,86700,8852,3
1,1,1,4,15221,36387,30668,86700,8852,4
0,1,2,4,15221,36387,30668,86700,8852,1
2,1,1,3,15221,36387,30668,86700,8852,4
2,2,2,0,15221,36387,30668,86700,8852,4
0,1,1,3,15221,36387,30668,86700,8852,4
1,1,1,3,15221,36387,30668,86700,8852,4
1,0,1,3,15221,36387,30668,86700,8852,2
0,1,2,4,15221,36387,30668,86700,8852,0
1,1,1,2,15221,36387,30668,86700,8852,4
2,1,0,1,15221,36387,30668,86700,8852,4
0,1,1,3,15221,36387,30668,86700,8852,3
0,1,2,4,15221,36387,30668,86700,8852,4
0,1,2,2,15221,36387,30668,86700,8852,2
1,1,2,4,15221,36387,30668,86700,8852,4
1,1,1,3,15221,36387,30668,86700,8852,4
0,0,1,3,15221,36387,30668,86700,8852,4
0,1,1,0,15221,36387,30668,86700,8852,1
0,0,1,3,15221,36387,30668,86700,8852,4
2,0,0,2,15221,36387,30668,86700,8852,2
0,0,0,0,15221,36387,30668,86700,8852,2
0,2,1,2,15221,36387,30668,86700,8852,3
2,2,1,3,15221,36387,30668,86700,8852,4
0,1,1,2,15221,36387,30668,86700,8852,4
0,0,2,2,15221,36387,30668,86700,8852,1
0,0,1,3,15221,36387,30668,86700,8852,3
0,0,1,3,15221,36387,30668,86700,8852,4
0,0,1,2,15221,36387,30668,86700,8852,3
0,0,2,1,15221,36387,30668,86700,8852,1
1,1,1,3,15221,36387,30668,86700,8852,4
1,1,2,4,15221,36387,30668,86700,8852,1
1,1,1,3,15221,36387,30668,86700,8852,4
1,0,2,2,15221,36387,30668,86700,8852,2
0,0,1,3,15221,36387,30668,86700,8852,4
2,2,1,4,15221,36387,30668,86700,8852,4
2,2,2,2,15221,36387,30668,86700,8852,0
2,2,2,1,15221,36387,30668,86700,8852,2
1,0,1,3,15221,36387,30668,86700,8852,2
0,0,1,1,15221,36387,30668,86700,8852,2
0,0,1,1,15221,36387,30668,86700,8852,3
0,0,2,1,15221,36387,30668,86700,8852,3
2,2,2,1,15221,36387,30668,86700,8852,1
0,1,2,2,15222,1999,18598,312500,799,0
1,1,1,4,15222,1999,18598,312500,799,4
1,1,0,2,15222,1999,18598,312500,799,0
0,1,1,3,15222,1999,18598,312500,799,4
0,1,2,2,15222,1999,18598,312500,799,3
1,1,1,1,15222,1999,18598,312500,799,4
0,1,2,2,15222,1999,18598,312500,799,4
0,1,1,2,15222,1999,18598,312500,799,4
1,1,1,3,15222,1999,18598,312500,799,4
0,1,1,4,15222,1999,18598,312500,799,4
1,1,1,4,15222,1999,18598,312500,799,4
1,2,2,3,15222,1999,18598,312500,799,2
0,1,1,2,15222,1999,18598,312500,799,3
0,1,2,2,15222,1999,18598,312500,799,3
0,1,1,2,15222,1999,18598,312500,799,4
0,1,2,2,15222,1999,18598,312500,799,4
0,1,2,2,15222,1999,18598,312500,799,4
1,1,1,3,15222,1999,18598,312500,799,4
1,1,1,2,15222,1999,18598,312500,799,4
0,1,1,4,15222,1999,18598,312500,799,4
1,1,1,4,15222,1999,18598,312500,799,4
0,0,1,2,15222,1999,18598,312500,799,4
0,0,1,2,15222,1999,18598,312500,799,4
0,0,0,2,15222,1999,18598,312500,799,3
0,0,1,2,15222,1999,18598,312500,799,4
0,1,1,2,15222,1999,18598,312500,799,4
0,0,2,1,15222,1999,18598,312500,799,4
2,2,2,1,15222,1999,18598,312500,799,3
0,0,1,2,15222,1999,18598,312500,799,3
0,1,1,2,15222,1999,18598,312500,799,3
0,1,2,2,15222,1999,18598,312500,799,3
0,1,1,2,15222,1999,18598,312500,799,4
1,1,1,3,15222,1999,18598,312500,799,3
2,1,1,2,15222,1999,18598,312500,799,4
0,1,1,3,15222,1999,18598,312500,799,3
1,1,1,1,15222,1999,18598,312500,799,2
0,1,1,1,15222,1999,18598,312500,799,3
1,1,1,3,15223,7991,33724,115300,1965,4
1,2,2,2,15223,7991,33724,115300,1965,2
1,1,1,4,15223,7991,33724,115300,1965,4
2,2,0,2,15224,12095,22880,131700,2057,0
0,1,1,1,15224,12095,22880,131700,2057,2
1,0,1,2,15224,12095,22880,131700,2057,4
1,0,2,1,15224,12095,22880,131700,2057,4
1,1,0,3,15224,12095,22880,131700,2057,0
1,2,1,1,15224,12095,22880,131700,2057,4
1,1,1,2,15224,12095,22880,131700,2057,4
0,1,2,2,15224,12095,22880,131700,2057,2
1,0,1,2,15224,12095,22880,131700,2057,3
0,1,2,2,15224,12095,22880,131700,2057,3
1,1,1,2,15224,12095,22880,131700,2057,2
1,1,1,2,15224,12095,22880,131700,2057,4
1,0,1,3,15224,12095,22880,131700,2057,4
0,1,1,3,15224,12095,22880,131700,2057,4
1,0,2,0,15224,12095,22880,131700,2057,2
1,1,1,2,15224,12095,22880,131700,2057,4
1,1,1,3,15224,12095,22880,131700,2057,4
0,0,1,1,15224,12095,22880,131700,2057,4
1,1,1,1,15224,12095,22880,131700,2057,4
1,1,1,0,15224,12095,22880,131700,2057,4
1,2,1,2,15224,12095,22880,131700,2057,4
1,1,1,4,15224,12095,22880,131700,2057,4
2,1,1,1,15224,12095,22880,131700,2057,4
1,0,1,2,15224,12095,22880,131700,2057,3
0,1,2,3,15224,12095,22880,131700,2057,0
1,0,1,1,15224,12095,22880,131700,2057,2
1,1,1,2,15224,12095,22880,131700,2057,3
1,0,1,2,15224,12095,22880,131700,2057,4
1,1,1,2,15224,12095,22880,131700,2057,2
1,1,1,3,15224,12095,22880,131700,2057,4
0,1,1,1,15224,12095,22880,131700,2057,2
1,1,1,2,15224,12095,22880,131700,2057,4
1,0,1,1,15224,12095,22880,131700,2057,3
0,1,1,3,15224,12095,22880,131700,2057,3
1,1,2,1,15224,12095,22880,131700,2057,3
1,2,1,1,15224,12095,22880,131700,2057,4
0,0,1,4,15224,12095,22880,131700,2057,3
0,1,2,3,15224,12095,22880,131700,2057,4
2,1,2,2,15224,12095,22880,131700,2057,0
2,1,2,1,15224,12095,22880,131700,2057,3
1,1,1,4,15224,12095,22880,131700,2057,4
0,1,2,2,15224,12095,22880,131700,2057,1
1,0,1,3,15224,12095,22880,131700,2057,4
0,1,1,4,15224,12095,22880,131700,2057,4
0,0,2,1,15224,12095,22880,131700,2057,4
0,1,1,3,15224,12095,22880,131700,2057,4
0,0,1,2,15224,12095,22880,131700,2057,2
1,0,1,1,15224,12095,22880,131700,2057,4
1,1,1,2,15224,12095,22880,131700,2057,4
0,0,1,2,15224,12095,22880,131700,2057,4
0,0,1,2,15224,12095,22880,131700,2057,4
1,1,1,2,15224,12095,22880,131700,2057,1
1,1,1,2,15224,12095,22880,131700,2057,2
2,2,1,1,15224,12095,22880,131700,2057,4
2,1,2,1,15224,12095,22880,131700,2057,1
1,0,1,4,15224,12095,22880,131700,2057,4
1,1,1,3,15224,12095,22880,131700,2057,4
1,2,1,3,15224,12095,22880,131700,2057,4
1,1,1,2,15224,12095,22880,131700,2057,4
1,0,1,2,15224,12095,22880,131700,2057,4
0,0,2,1,15224,12095,22880,131700,2057,2
1,1,1,3,15224,12095,22880,131700,2057,4
0,0,2,2,15226,14648,37889,114700,3723,4
0,1,1,3,15226,14648,37889,114700,3723,4
0,0,1,2,15226,14648,37889,114700,3723,3
1,1,1,2,15226,14648,37889,114700,3723,4
1,1,2,2,15226,14648,37889,114700,3723,2
0,1,1,2,15227,29621,38439,126200,7827,3
1,0,1,3,15227,29621,38439,126200,7827,2
0,0,1,2,15227,29621,38439,126200,7827,3
1,0,2,1,15227,29621,38439,126200,7827,4
1,0,1,2,15228,17723,58440,254500,4569,4
0,1,2,0,15228,17723,58440,254500,4569,3
1,0,1,1,15228,17723,58440,254500,4569,4
1,1,1,2,15228,17723,58440,254500,4569,4
1,1,1,2,15228,17723,58440,254500,4569,4
1,1,1,1,15228,17723,58440,254500,4569,4
0,0,0,1,15228,17723,58440,254500,4569,1
0,0,2,1,15228,17723,58440,254500,4569,2
0,0,2,3,15228,17723,58440,254500,4569,3
0,0,1,2,15228,17723,58440,254500,4569,3
0,0,1,2,15228,17723,58440,254500,4569,4
0,0,1,3,15228,17723,58440,254500,4569,4
1,0,1,0,15228,17723,58440,254500,4569,4
1,1,1,1,15228,17723,58440,254500,4569,4
0,0,1,3,15228,17723,58440,254500,4569,2
0,0,2,0,15228,17723,58440,254500,4569,3
0,0,1,3,15228,17723,58440,254500,4569,4
0,2,1,2,15228,17723,58440,254500,4569,4
0,1,2,1,15229,13677,40562,145800,3639,0
2,2,1,3,15229,13677,40562,145800,3639,4
0,0,1,3,15229,13677,40562,145800,3639,2
0,0,2,2,15229,13677,40562,145800,3639,4
0,0,1,0,15229,13677,40562,145800,3639,2
0,0,1,2,15229,13677,40562,145800,3639,4
2,2,2,2,15232,11792,32552,365000,104,2
0,1,1,3,15232,11792,32552,365000,104,4
0,1,1,3,15232,11792,32552,365000,104,2
1,1,2,3,15232,11792,32552,365000,104,3
1,1,2,1,15232,11792,32552,365000,104,2
1,1,1,4,15232,11792,32552,365000,104,4
1,1,1,4,15232,11792,32552,365000,104,4
1,0,1,2,15232,11792,32552,365000,104,4
0,1,1,2,15232,11792,32552,365000,104,4
0,1,1,3,15232,11792,32552,365000,104,3
0,1,1,2,15232,11792,32552,365000,104,1
1,1,1,4,15232,11792,32552,365000,104,4
1,1,1,4,15232,11792,32552,365000,104,4
2,1,1,1,15232,11792,32552,365000,104,1
2,2,1,2,15232,11792,32552,365000,104,3
1,1,1,2,15232,11792,32552,365000,104,4
0,1,1,2,15232,11792,32552,365000,104,4
1,0,2,4,15232,11792,32552,365000,104,4
1,1,1,4,15232,11792,32552,365000,104,4
1,1,1,4,15232,11792,32552,365000,104,4
0,1,2,2,15232,11792,32552,365000,104,3
0,0,1,2,15232,11792,32552,365000,104,4
0,1,1,2,15232,11792,32552,365000,104,3
1,0,2,2,15232,11792,32552,365000,104,2
1,1,2,2,15232,11792,32552,365000,104,2
0,1,1,3,15232,11792,32552,365000,104,4
0,0,0,2,15232,11792,32552,365000,104,0
1,0,2,2,15232,11792,32552,365000,104,2
0,1,0,2,15232,11792,32552,365000,104,0
2,2,1,3,15232,11792,32552,365000,104,4
2,2,2,0,15232,11792,32552,365000,104,0
0,0,2,2,15232,11792,32552,365000,104,1
0,0,1,1,15232,11792,32552,365000,104,4
0,0,1,2,15232,11792,32552,365000,104,4
1,1,1,2,15232,11792,32552,365000,104,4
0,1,1,2,15232,11792,32552,365000,104,4
1,1,1,2,15232,11792,32552,365000,104,4
1,1,1,2,15232,11792,32552,365000,104,4
0,1,1,3,15232,11792,32552,365000,104,4
2,2,0,4,15232,11792,32552,365000,104,0
0,1,1,2,15232,11792,32552,365000,104,4
1,1,1,1,15232,11792,32552,365000,104,3
2,2,2,0,15232,11792,32552,365000,104,0
1,1,2,2,15233,4876,23841,86900,0,1
0,0,1,3,15233,4876,23841,86900,0,4
0,0,2,0,15233,4876,23841,86900,0,1
1,1,2,0,15233,4876,23841,86900,0,4
1,1,1,2,15233,4876,23841,86900,0,4
0,0,2,2,15233,4876,23841,86900,0,0
0,1,1,3,15234,14911,40756,136700,1731,4
2,2,2,1,15234,14911,40756,136700,1731,4
0,0,0,1,15235,39126,41367,92400,924,0
0,2,2,2,15235,39126,41367,92400,924,3
0,1,1,2,15235,39126,41367,92400,924,4
0,1,0,1,15235,39126,41367,92400,924,2
1,1,1,2,15236,30630,46913,160200,4426,3
0,2,0,2,15236,30630,46913,160200,4426,0
0,0,2,2,15236,30630,46913,160200,4426,3
1,0,1,3,15237,42597,55016,227800,10521,4
2,1,1,3,15237,42597,55016,227800,10521,4
0,0,1,1,15237,42597,55016,227800,10521,4
1,1,2,3,15237,42597,55016,227800,10521,4
0,0,1,2,15237,42597,55016,227800,10521,3
0,0,2,2,15237,42597,55016,227800,10521,4
0,0,2,2,15237,42597,55016,227800,10521,4
0,0,1,1,15237,42597,55016,227800,10521,3
0,0,0,0,15237,42597,55016,227800,10521,3
0,0,2,0,15237,42597,55016,227800,10521,2
2,2,1,3,15237,42597,55016,227800,10521,3
0,0,2,1,15237,42597,55016,227800,10521,1
0,0,1,3,15237,42597,55016,227800,10521,3
0,0,1,4,15237,42597,55016,227800,10521,3
1,0,1,2,15237,42597,55016,227800,10521,4
1,2,1,3,15237,42597,55016,227800,10521,4
0,1,1,2,15237,42597,55016,227800,10521,4
1,0,2,2,15237,42597,55016,227800,10521,3
0,0,2,1,15237,42597,55016,227800,10521,2
0,1,2,2,15237,42597,55016,227800,10521,3
0,0,1,4,15238,13571,67370,359300,13132,4
0,1,1,3,15238,13571,67370,359300,13132,3
1,1,1,3,15238,13571,67370,359300,13132,4
1,1,1,3,15238,13571,67370,359300,13132,4
1,1,1,3,15238,13571,67370,359300,13132,4
0,0,1,3,15238,13571,67370,359300,13132,4
0,0,1,0,15238,13571,67370,359300,13132,4
0,0,2,1,15238,13571,67370,359300,13132,3
0,0,2,1,15238,13571,67370,359300,13132,2
0,0,2,0,15238,13571,67370,359300,13132,3
1,1,2,1,15238,13571,67370,359300,13132,4
0,0,1,2,15238,13571,67370,359300,13132,1
1,0,1,2,15239,21108,48415,152500,5157,4
2,2,0,3,15239,21108,48415,152500,5157,1
1,1,1,1,15241,20616,85102,304000,6362,4
1,0,1,2,15241,20616,85102,304000,6362,3
0,0,1,2,15241,20616,85102,304000,6362,4
2,2,2,3,15241,20616,85102,304000,6362,4
0,0,1,2,15241,20616,85102,304000,6362,3
0,0,2,2,15241,20616,85102,304000,6362,1
0,0,0,1,15241,20616,85102,304000,6362,1
0,1,1,4,15241,20616,85102,304000,6362,4
2,1,1,3,15243,13660,60717,212600,5718,4
0,2,2,2,15243,13660,60717,212600,5718,1
0,1,1,1,15243,13660,60717,212600,5718,3
1,1,2,1,15243,13660,60717,212600,5718,4
0,0,1,2,15243,13660,60717,212600,5718,4
1,0,1,1,15243,13660,60717,212600,5718,4